Country,1965,1966,1967,1968,1969,1970,1971,1972,1973,1974,1975,1976,1977,1978,1979,1980,1981,1982,1983,1984,1985,1986,1987,1988,1989,1990,1991,1992,1993,1994,1995,1996,1997,1998,1999,2000,2001,2002,2003,2004,2005,2006,2007,2008,2009,2010,2011,2012,2013,2014,2015,2016,2017,2018,2019,2019,2008-18,2019
Canada,0,0,0,0,0,0,0,0,0,0,0,0.00707,0.01069,0.01132,0.01345,0.013,0.01898,0.02139,0.02085,0.02337,0.01678,0.01866,0.02313,0.02486,0.03478,0.039559192,0.039859192,0.045260526,0.048780526,0.057940526,0.072007079,0.075964095,0.082371669,0.09059359,0.091184113,0.091974634,0.099556585,0.103386946,0.099352742,0.104895528,0.103853393,0.128106787,0.137117346,0.14250743,0.182543229,0.21623409,0.250820409,0.278884425,0.290927442,0.303299565,0.437741947,0.488314474,0.492008236,0.503490709,0.523399026,0.039540586,0.134528461,0.018062903
Mexico,0,0,0,0,0,0,0,0,0.00161,0.00463,0.00518,0.00579,0.00592,0.00598,0.01019,0.00915,0.00964,0.01296,0.01353,0.01424,0.01641,0.03394,0.04418,0.04633,0.04675,0.05126,0.058355125,0.06369523,0.065047607,0.062285254,0.064264435,0.061965552,0.059012462,0.06160586,0.060840013,0.063846451,0.062327601,0.063517318,0.071684318,0.074377099,0.082757059,0.076331002,0.084965822,0.081372718,0.081210589,0.086039561,0.088398789,0.102050288,0.111551148,0.133272713,0.157066647,0.170451918,0.184146913,0.216463012,0.345291996,0.595154721,0.102784079,0.011916292
United States,0.133322321,0.140620069,0.140735707,0.155460451,0.162270604,0.162359025,0.16584414,0.186729784,0.199896918,0.204042648,0.19754302,0.225647535,0.235361219,0.246787867,0.257560372,0.266561163,0.273776033,0.264050489,0.298102941,0.356071827,0.36409452,0.387200773,0.42679613,0.424041269,0.51240777,0.670078164,0.713813856,0.765212304,0.802285176,0.813045511,0.787384897,0.770711537,0.803576342,0.810032887,0.838034469,0.86817837,0.886654935,0.996221274,1.058.536.199,1.152.707.468,1.241.083.165,1.468.457.098,1.679.494.542,2.107.576.808,2.394.483.978,2.756.646.249,3.090.966.438,3.325.099.805,3.756.286.027,4.039.290.073,4.248.824.689,4.807.667.392,5.239.283.385,5.503.935.603,582.855.475,0.058979459,0.100750758,0.201147904
Total North America,0.133322321,0.140620069,0.140735707,0.155460451,0.162270604,0.162359025,0.16584414,0.186729784,0.201506918,0.208672648,0.20272302,0.238507535,0.251971219,0.264087867,0.281200372,0.288711163,0.302396033,0.298400489,0.332482941,0.393681827,0.39728452,0.439800773,0.49410613,0.495231269,0.59393777,0.760897356,0.812028173,0.87416806,0.916113309,0.933271292,0.923656411,0.908641184,0.944960473,0.962232337,0.990058596,1.023.999.455,104.853.912,1.163.125.537,1.229.573.259,1.331.980.096,1.427.693.617,1.672.894.888,190.157.771,2.331.456.956,2.658.237.796,30.589.199,3.430.185.637,3.706.034.518,4.158.764.616,4.475.862.351,4.843.633.284,5.466.433.784,5.915.438.534,6.223.889.324,6.697.245.772,0.076054766,0.103172548,0.231127099
Argentina,0,0,0,0,0,0.00047541,0.000498646,0.000643532,0.000490424,0.000500677,0.000549226,0.000502028,0.000538551,0.000541367,0.000843938,0.000862516,0.000747225,0.000959125,0.001373148,0.000973928,0.001033216,0.001070789,0.001081568,0.00121116,0.001193769,0.001067633,0.000996004,0.001018655,0.001074384,0.0011929,0.001155925,0.003610155,0.004602241,0.004964392,0.006852621,0.007098083,0.006544524,0.009117819,0.01071097,0.009480261,0.011096117,0.015753614,0.015657739,0.016493886,0.016675713,0.040600818,0.052375777,0.065414922,0.070380696,0.077710466,0.082616138,0.081678795,0.094728179,0.10051359,0.138994549,0.382843348,0.19809203,0.004796809
Brazil,0,0,0,0,0,0.009260119,0.012011963,0.015906261,0.014415505,0.012098849,0.012293184,0.012488329,0.025452898,0.046983094,0.067705967,0.077573855,0.074058037,0.102684188,0.141906752,0.172683892,0.20799588,0.265711138,0.273727236,0.285613841,0.306468956,0.283730725,0.295558466,0.299362351,0.310613999,0.332029311,0.343552684,0.3669725,0.363133593,0.359079623,0.36841129,0.322242756,0.320372425,0.36209625,0.364907032,0.398293955,0.431323033,0.423735864,0.565294922,0.714639129,0.792203087,0.921926912,0.878427483,0.897472839,1.048.374.155,1.216.573.207,1.449.828.001,1.493.715.747,1.626.045.495,1.833.379.253,2.024.106.078,0.104030208,0.09879469,0.069853456
Chile,0,0,0,0,0,0,0.00066,0.00057,0.00051,0.00046,0.00051,0.00073,0.0008,0.00091,0.00094,0.00105,0.0011,0.00137,0.00208,0.00201,0.00195,0.0028,0.00271,0.00327,0.00321,0.00963,0.01033,0.01743,0.0175,0.01786,0.01879,0.01738,0.01743,0.01161,0.0145,0.01375,0.01679026,0.01764929,0.016692692,0.019841274,0.017401329,0.013837358,0.0258876,0.034461534,0.032778796,0.035084902,0.043399959,0.059270358,0.068645739,0.063139583,0.082336567,0.106143245,0.13473736,0.159834604,0.192484832,0.204275087,0.165825687,0.006642799
Colombia,0,0,0,0,0,0,0,0,0,0,0.00189,0.00202,0.00192,0.00206,0.00216,0.00227,0.00212,0.00231,0.00234,0.00255,0.00267,0.00266,0.00268,0.00274,0.00274,0.00274,0.00269,0.0034,0.00389,0.00444,0.00477,0.00496,0.00483,0.00532,0.00457,0.00497835,0.004954306,0.004892558,0.004917626,0.005135165,0.00547044,0.005884649,0.00565806,0.005827649,0.01068506,0.011836031,0.014552893,0.015535272,0.014327448,0.017903336,0.018738229,0.019933544,0.019336471,0.020966908,0.021323612,0.017012733,0.136590709,0.000735894
Ecuador,0,0,0,0,0,0,0,0,0,0,0,0,0,0,0,0,0,0,0,0,0,0,0,0,0,0,0,0,0,0,0,0,0,0,0,0,0,0,0,3.16E+00,0.000996133,0.001400774,0.002101197,0.002005475,0.002075248,0.002359474,0.002769579,0.002948923,0.00349026,0.004886413,0.005557625,0.006381642,0.005498558,0.005742324,0.007289438,0.269423127,0.110930904,0.000251564
Peru,0,0,0,0,0,0,0.00227,0.00227,0.0023,0.00266,0.00266,0.00245,0.00242,0.00215,0.00163,0.00085,0.00076,0.00151,0.00145,0.00142,0.00169,0.00154,0.00136,0.00136,0.00145,0.00136,0.00133,0.00133,0.00109,0.00119,0.00142,0.001374,0.001546,0.001265,0.001396,0.001588,0.001631338,0.002504933,0.002603482,0.001943422,0.00367824,0.006653098,0.007392593,0.00866196,0.011106657,0.01454371,0.015119237,0.020831402,0.025743838,0.030324587,0.031674935,0.033578977,0.038187173,0.047790265,0.052862058,0.106126057,0.186239357,0.00182431
Trinidad & Tobago,0,0,0,0,0,0,0.00035,0.00035,0.00029,0.00025,0.00023,0.00019,0.00023,0.00029,0.00029,0.00026,0.00019,0.00018,0.00016,0.00013,0.00017,0.00026,0.00031,0.00027,0.00026,0.00031,0.00025,0.0003,0.00028,0.00032,0.00033,0.00017,0.00018,0.00018,0.00018,0.00020127,0.000294426,0.000266171,0.000132384,0.000245336,0.000235688,0.000276035,0.000209237,0.000219807,0.000212831,3.76E+00,3.74E+00,0.000037128,3.69E+00,4.11E+00,4.69E+00,4.66E+00,0.000046359,4.18E+00,4.16E+00,-0.003687014,-0.152973463,1.44E-01
Venezuela,0,0,0,0,0,0,0,0,0,0,0,0,0,0,0,0,0,0,0,0,0,0,0,0,0,0,0,0,0,0,0,0,0,0,0,0,0,0,0,0,0,0,0,0,0,2.31E+00,2.78E+00,4.84E+00,4.93E+00,6.18E+00,9.15E+00,9.09E-01,9.01E+00,7.96E+00,0.001423613,16.885.367,0,4.91E-02
Central America,0,0,0,0,0,0,0.00107,0.00141,0.00117,0.00156,0.00338,0.00724,0.00699,0.00752,0.00642,0.006821053,0.011091053,0.011981053,0.010261053,0.012371053,0.0093699,0.0086075,0.00910516,0.00883962,0.01171867,0.012207556,0.013350639,0.018216532,0.0172201,0.016930572,0.017508389,0.017620157,0.019265448,0.016785294,0.025133575,0.029806109,0.032117764,0.03534561,0.037040257,0.03874554,0.04066095,0.043956244,0.047782531,0.048635769,0.053993391,0.061495822,0.063847953,0.075092971,0.081532307,0.093508163,0.108018078,0.120972826,0.119853552,0.140413187,0.149185765,0.062476881,0.111847468,0.005148515
Other Caribbean,0.034326951,0.035011152,0.035672124,0.0363187,0.036965642,0.037621494,0.0479899,0.0482979,0.0503339,0.0516108,0.0499381,0.0520933,0.0571251,0.0575663,0.0589907,0.063577,0.0582468,0.0621417,0.0656372,0.0643111,0.0661147,0.0683827,0.0693853,0.0724048,0.0726408,0.076317421,0.074438521,0.0630081,0.049314972,0.049904078,0.050537878,0.051236167,0.052565615,0.051446086,0.051793359,0.053343501,0.050981466,0.048251465,0.046638755,0.046795139,0.041962759,0.031710764,0.022262385,0.02247927,0.022328699,0.023482253,0.025852362,0.030268508,0.034285776,0.034625266,0.036979634,0.038641088,0.042028239,0.043856937,0.052590491,0.199137336,0.069117922,0.001814938
Other South America,0,0,0,0,0,0,0.00056,0.00059,0.00061,0.00066,0.00063,0.00072,0.00074,0.00056,0.00079,0.00084,0.001065846,0.001278438,0.001110065,0.001302416,0.001335186,0.0012681,0.001758584,0.001778407,0.001570484,0.00175058,0.001865035,0.001989533,0.002087739,0.001698325,0.001469199,0.001308414,0.001283499,0.001382098,0.001530858,0.001917263,0.001893386,0.001904226,0.00188264,0.001776662,0.002432435,0.00233933,0.003351553,0.011361527,0.013415978,0.016344033,0.018037327,0.020557622,0.023903943,0.035951904,0.055368622,0.06562321,0.073811198,0.084852102,0.086539185,0.019882633,0.222707536,0.002986534
Total S. & Cent. America,0.034326951,0.035011152,0.035672124,0.0363187,0.036965642,0.047357024,0.065410509,0.070037693,0.070119829,0.069800325,0.07208051,0.078433657,0.096216549,0.11858076,0.139770605,0.154104423,0.14937896,0.184414504,0.226318217,0.257752389,0.292328882,0.352300227,0.362117847,0.377487828,0.401252679,0.389113915,0.400808666,0.406055171,0.403071194,0.425565187,0.439534074,0.464631393,0.464836395,0.452032493,0.474367704,0.434925333,0.435579894,0.482028321,0.485525838,0.522288334,0.555257125,0.545547731,0.695597817,0.864786005,0.955475459,112.773.463,1.114.447.726,1.187.478.349,1.370.770.351,1.574.725.864,1.871.256.218,1.966.806.561,2.154.362.657,2.437.470.551,2.726.841.251,0.118717619,0.109182662,0.094105387
Austria,0,0,0,0,0,0,0,0,0,0,0,0,0,0,0,0,0,0,0,0,0,0.01287501,0.00905816,0.0104696,0.0110445,0.011690453,0.012553124,0.013618154,0.013996443,0.012380193,0.01906463,0.01641776,0.017882587,0.019459085,0.017159833,0.0166954,0.019145791,0.017946643,0.021404406,0.030147276,0.040099302,0.060463746,0.072820527,0.077720423,0.081433263,0.083669717,0.083495212,0.090134069,0.095951265,0.10556782,0.121494712,0.122898605,0.135028225,0.131320827,0.142379801,0.084213402,0.053852537,0.004913636
Belgium,0,0,0,0,0,0,0,0,0.00116,0.00108,0.00083,0.00057,0.00247,0.0026,0.00315,0.003,0.00291,0.00046,0.00022,0.00024,0.00053,0.00119,0.00148,0.00188,0.00198,0.00289,0.00307,0.00276,0.00253,0.00254,0.0033,0.00322,0.00283,0.0037,0.00509,0.00584,0.006298831,0.007679613,0.009268269,0.011499363,0.017604684,0.024951509,0.029615063,0.038088447,0.053805585,0.073048385,0.091170916,0.108331354,0.118591986,0.127078557,0.140152991,0.144874878,0.160226039,0.170338787,0.1855423,0.089254562,0.161587763,0.006403207
Bulgaria,0,0,0,0,0,0,0,0,0,0,0,0,0,0,0,0,0,0,0,0,0,0,0,0,0,0,0,0,0,0,0,0,0,0,0,0,0,0,0,9.75E-01,4.84E+00,0.000192453,0.000449438,0.001385409,0.002564243,0.007527533,0.010200208,0.022996984,0.030823652,0.030077088,0.034356347,0.035421338,0.036606849,0.043954593,0.045499898,0.035156849,0.413001476,0.001570236
Croatia,n/a,n/a,n/a,n/a,n/a,n/a,n/a,n/a,n/a,n/a,n/a,n/a,n/a,n/a,n/a,n/a,n/a,n/a,n/a,n/a,n/a,n/a,n/a,n/a,n/a,0,0,0.00006,0.00019,0.00006,0.00005,0.0001,0.00002,0.00005,0.00002,0.00001,0,0,0,5.85E+00,0.000232405,0.000288679,0.000512436,0.000727491,0.001080147,0.001614633,0.002535586,0.005128839,0.007341364,0.009754419,0.011202953,0.013722127,0.01629799,0.019748485,0.022347538,0.131607716,0.39113926,0.000771231
Cyprus,0,0,0,0,0,0,0,0,0,0,0,0,0,0,0,0,0,0,0,0,0,0,0,0,0,0,0,0,0,0,0,0,0,0,0,0,0,0,0,7.36E-01,8.92E-01,1.45E+00,7.03E+00,0.000737942,0.000925124,0.001277215,0.00232661,0.003049091,0.003642916,0.003320413,0.004047599,0.004214546,0.00427588,0.004524229,0.005049025,0.115996655,0.198815141,0.000174246
Czech Republic,0,0,0,0,0,0,0,0,0,0,0,0,0,0,0,0,0,0,0,0,0,0,0,0,0,0,0,7.16E+00,0.002363511,0.003383022,0.004712993,0.003838302,0.006288578,0.007337453,0.008669325,0.007673816,0.006999118,0.007527643,0.00737806,0.007052454,0.006595674,0.01001512,0.01334376,0.020962713,0.029455391,0.038984159,0.061387189,0.066827699,0.072024794,0.079912688,0.08201149,0.079649243,0.083000357,0.082624901,0.084855223,0.026993342,0.147007734,0.002928419
Denmark,0,0,0,0,0,0,0,0,0,0,0,0,0,0.00003,0.00006,0.000105,0.000105,0.000185,0.000601,0.000662,0.000874,0.001766,0.002348,0.003717,0.005544,0.008203,0.010951,0.014364,0.017622,0.017103997,0.018241405,0.020592443,0.029101868,0.03898457,0.043487895,0.055420056,0.057809944,0.066701495,0.079007379,0.09253776,0.094805875,0.088508189,0.098546281,0.09601124,0.095317161,0.117726431,0.137654849,0.146576105,0.156180338,0.174139032,0.181828615,0.176275665,0.206459206,0.19625076,0.219842571,0.120212583,0.074110412,0.007586936
Estonia,n/a,n/a,n/a,n/a,n/a,n/a,n/a,n/a,n/a,n/a,n/a,n/a,n/a,n/a,n/a,n/a,n/a,n/a,n/a,n/a,0,0,0,0,0,0,0,0,0,0,0.00006,0.00005,0.00008,0.00012,0.00012,0.00013,0.000109286,0.000280335,0.000314827,0.000376166,0.0008415,0.001099868,0.001214438,0.001755602,0.004817893,0.010022892,0.011131654,0.013700945,0.011362812,0.012864108,0.013921899,0.013677079,0.021874158,0.017724774,0.018001077,0.015588507,0.260130304,0.000621231
Finland,0,0,0,0,0,0,0,0,0,0,0,0,0,0,0,0,0,0,0,0,0,0,0,0,0,0.051565,0.050001,0.04953,0.059631,0.06473,0.066196,0.05901,0.079088,0.093573,0.084134,0.086667263,0.082293032,0.088840567,0.092224807,0.102461041,0.093449821,0.105037618,0.096831,0.104498887,0.090614296,0.111233653,0.116808891,0.115472433,0.125945034,0.135806159,0.142680419,0.138127886,0.159489184,0.176097098,0.177497579,0.007952889,0.053571596,0.006125578
France,0,0.0039,0.00605,0.00926,0.01067,0.013702458,0.013918224,0.015151953,0.015500864,0.015770592,0.014158849,0.013329,0.013745814,0.014183881,0.014840102,0.014710235,0.014921525,0.0152734,0.015587,0.016223,0.0165215,0.016628,0.017506,0.0177325,0.0184145,0.019132715,0.021024896,0.02163316,0.021140831,0.025631022,0.029671003,0.033800479,0.039289058,0.037445413,0.040073419,0.043669986,0.047934101,0.051700979,0.053283718,0.056856148,0.070848961,0.087110385,0.137886125,0.191546557,0.220968215,0.244680563,0.281060341,0.332853814,0.350359127,0.383302094,0.437270148,0.456319385,0.493790561,0.53906517,0.614023671,0.139052763,0.109013141,0.021190429
Germany,0,0,0,0,0,0.009200202,0.010010282,0.010187487,0.010531048,0.0107625,0.011247102,0.012776852,0.012465839,0.01317466,0.014433178,0.019662538,0.018042377,0.01798813,0.015402382,0.016429448,0.016440297,0.015965696,0.014478493,0.016458818,0.017752679,0.01507,0.01572,0.018554936,0.022564944,0.028945428,0.03646413,0.043452759,0.055894944,0.081493778,0.096239341,0.152289349,0.169913448,0.237470027,0.302466917,0.395023944,0.48722748,0.612064345,0.772950676,0.80695724,0.833846835,0.905880564,1.112.391.585,1.252.520.955,1.306.625.139,1.429.576.037,1.659.035.721,1.643.934.157,18.804.271,1.969.729.173,2.117.453.837,0.074997449,0.093340912,0.073074959
Greece,0,0,0,0,0,0,0,0,0,0,0,0,0,0,0,0,0,0,0,0,0,0,0.00001,0.00001,0.00001,0.00002,0.00002,0.00009,0.00048,0.00038,0.00035,0.00036,0.00037,0.00073,0.00163,0.00451,0.008295779,0.007669742,0.011043462,0.012132803,0.013450443,0.019342467,0.022631682,0.025980561,0.029730332,0.033958493,0.042877513,0.058516657,0.079580476,0.076881074,0.086365735,0.091603923,0.095533825,0.100136415,0.110154662,0.100045994,0.144443485,0.003801522
Hungary,0,0,0,0,0,0,0,0,0,0,0,0,0,0,0,0,0,0,0,0,0,0,0,0,0,0.00017,0.00024,0.00046,0.00039,0.00045,0.00056,0.0005,0.00053,0.0006,0.00065,0.00065,0.00070539,0.000424452,0.001618269,0.007123758,0.016265333,0.0130579,0.017260654,0.027324566,0.032323226,0.033919566,0.029955359,0.02912748,0.029485238,0.034086044,0.034647968,0.035023439,0.036298908,0.039641505,0.045340577,0.143765267,0.037909977,0.001564738
Iceland,0,0,0,0,0.00001904,0.00012091,0.00012033,0.00021664,0.000242,0.00005751,0.00018347,0.00019012,0.00016126,0.00018285,0.0004563,0.00044672,0.00123133,0.00158968,0.00171714,0.00173233,0.00171233,0.00212339,0.00234136,0.00245608,0.00257508,0.0028291,0.00267025,0.00229769,0.00254272,0.00258365,0.00288177,0.003431343,0.003730724,0.006526581,0.01135673,0.01322663,0.014414418,0.01411963,0.013776652,0.014446151,0.016065289,0.025332547,0.034239991,0.038372942,0.043001375,0.041913764,0.043866464,0.04831283,0.048484116,0.048239647,0.046162595,0.046520644,0.047215864,0.054552504,0.054436364,-0.00212896,0.035807281,0.001878641
Ireland,0,0,0,0,0,0,0,0,0,0,0,0,0,0,0,0,0,0,0,0,0,0,0,0,0,0,0,0.000050009,0.000150027,0.000190034,0.000160029,0.000410074,0.001310236,0.002540457,0.0027805,0.00339061,0.004282784,0.004630317,0.005297107,0.00744669,0.012076206,0.016960341,0.021264606,0.027274077,0.033584154,0.033331615,0.046478174,0.04385274,0.049395324,0.055762728,0.067887223,0.066431525,0.080028928,0.09150361,0.101936007,0.114010774,0.128674767,0.00351789
Italy,0.02676,0.03351,0.03475,0.03617,0.03812,0.04228,0.04209,0.03807,0.03845,0.04245,0.03986,0.03812,0.0373,0.03811,0.03825,0.0396,0.03469,0.03521,0.03393,0.03472,0.03212,0.03501,0.03693,0.03787,0.032010202,0.032769192,0.032998788,0.035669192,0.037978384,0.035817172,0.036756364,0.041846667,0.04603,0.05257,0.0595,0.0668,0.074870649,0.086834903,0.099999231,0.122305315,0.126762756,0.139103913,0.149599593,0.186037899,0.236551807,0.299933111,0.403074895,0.530019598,0.598964316,0.614429734,0.632884516,0.649307155,0.665546285,0.644780814,0.635840051,-0.013866361,0.132351,0.021943329
Latvia,n/a,n/a,n/a,n/a,n/a,n/a,n/a,n/a,n/a,n/a,n/a,n/a,n/a,n/a,n/a,n/a,n/a,n/a,n/a,n/a,0,0,0,0,0,0,0,0,0,0,0,0.00001,0.00002,0.00002,0.00002,0.00005,5.96E+00,0.00020729,0.000706154,0.000847834,0.000972855,0.00099017,0.000983894,0.001054152,0.001101801,0.002245542,0.002879037,0.004624929,0.006637531,0.008079315,0.009386567,0.009184112,0.010200743,0.011154135,0.011611241,0.040980898,0.26605703,0.000400713
Lithuania,n/a,n/a,n/a,n/a,n/a,n/a,n/a,n/a,n/a,n/a,n/a,n/a,n/a,n/a,n/a,n/a,n/a,n/a,n/a,n/a,0,0,0,0,0,0,0,0,0,0,0,0,0,0,0,0,1.99E+00,3.95E+00,6.87E+00,0.000106482,0.0002208,0.001190807,0.003789642,0.004504263,0.00452821,0.005391253,0.00779304,0.009601232,0.011728263,0.012896418,0.014961411,0.017177425,0.01997362,0.019098789,0.022795396,0.193551875,0.155415558,0.000786687
Luxembourg,0,0,0,0,0,0,0,0,0,0,0,0,0.00013,0.00015,0.00016,0.00015,0.00018,0.00018,0.00017,0.00019,0.00018,0.00017,0.00022,0.00023,0.00019,0.00012505,0.00013976,0.0001177,0.00014712,0.0001508,0.00019493,0.00015448,0.00019919,0.00028068,0.0003685,0.00047135,0.000493365,0.000508878,0.000605311,0.000888501,0.001124376,0.001292475,0.003257853,0.003251963,0.003233428,0.003213443,0.0036237,0.003909879,0.0045489,0.005532463,0.00642672,0.006755626,0.009260569,0.01031937,0.011060444,0.071813943,0.122408022,0.000381704
Netherlands,0,0,0,0,0,0,0,0,0,0,0.00803,0.00872,0.00867,0.01211,0.01106,0.01024,0.01085,0.00265,0.00231,0.00017,0.00441,0.00554,0.00704,0.00851,0.00923,0.00726,0.00838,0.009,0.01038,0.0117701,0.01335,0.01755,0.0194,0.02233781,0.02438608,0.02849904,0.031753401,0.038198592,0.038213457,0.050919238,0.071444396,0.07834465,0.085582713,0.101264104,0.117291687,0.114134671,0.128353701,0.129613119,0.125127086,0.122186908,0.137569691,0.143479579,0.173449964,0.194521608,0.22896456,0.177064914,0.067459073,0.007901743
North Macedonia,n/a,n/a,n/a,n/a,n/a,n/a,n/a,n/a,n/a,n/a,n/a,n/a,n/a,n/a,n/a,n/a,n/a,n/a,n/a,n/a,n/a,n/a,n/a,n/a,n/a,0,0,0,0,0,0,0,0,0,0,0,0,0,0,0,0,0,0,5.29E+00,7.91E+00,1.85E+00,2.30E+00,3.58E+00,0.000121187,0.000791901,0.001503073,0.00153497,0.001677272,0.001562059,0.001609443,0.030334185,0.402835746,5.55E+00
Norway,0,0,0,0,0,0,0,0,0,0,0,0,0,0,0,0,0,0,0,0,0.00005,0.00026,0.00021,0.00027,0.00029,0.00213,0.00209,0.00227,0.00243,0.0027,0.00289,0.00303,0.00241,0.0027,0.00287276,0.00291499,0.00287181,0.002904068,0.005453038,0.006088026,0.008194506,0.009996056,0.013439973,0.015805949,0.015353487,0.016415832,0.020105417,0.023500639,0.02654011,0.028013389,0.031343547,0.03572562,0.049763649,0.053603853,0.068421567,0.276430016,0.129893584,0.002361281
Poland,0.00026,0.00038,0.00044,0.00047,0.00084,0.00059,0.00101,0.00185,0.00223,0.00235,0.00211,0.00183,0.00265,0.00262,0.0024,0.00248,0.00269,0.00269,0.00362,0.00345,0.00397,0.00368,0.00193,0.00094,0.00103,0.00055,0.00083,0.00111,0.00061,0.00051,0.00068,0.00133,0.00171,0.00224,0.00197,0.00226,0.00455026,0.004817032,0.006923859,0.010265478,0.018081932,0.025534909,0.033619141,0.060878885,0.08586327,0.10193415,0.129551673,0.169411627,0.165784451,0.191249333,0.217496436,0.205764716,0.2197289,0.214305347,0.24698232,0.152478568,0.134113792,0.00852355
Portugal,0.00207,0.002,0.00192,0.00228,0.0028,0.00186,0.00143,0.00113,0.002,0.0018,0.00236,0.0023,0.00234,0.00232,0.00258,0.0032,0.00311,0.00353,0.00405,0.00373,0.00548,0.00606,0.00614,0.00653,0.006630101,0.006939596,0.008139596,0.008908384,0.009155556,0.00984,0.01046,0.0103,0.01126,0.011694,0.013622,0.015454,0.016965117,0.019078606,0.019444731,0.023874822,0.033880785,0.048391371,0.064400753,0.080301837,0.1039425,0.128277849,0.130197986,0.139198387,0.156626297,0.158119126,0.157795516,0.161546115,0.160777057,0.164005087,0.177111649,0.079915585,0.074022016,0.006112259
Romania,0,0,0,0,0,0,0,0,0,0,0,0,0,0,0,0,0,0,0,0,0,0,0,0,0,2.06E+00,0,0.00002,0.00001,0,0,0,0.00011,0.00011,0,0,0,2.96E+00,2.94E+00,3.90E+00,5.81E+00,4.81E+00,0.002086936,0.004737317,0.006799933,0.008811034,0.02269942,0.0339336,0.054386076,0.065420362,0.09389605,0.091458248,0.099771112,0.088785516,0.096065485,0.081995015,0.340543675,0.003315294
Slovakia,0,0,0,0,0,0,0,0,0,0,0,0,0,0,0,0,0,0,0,0,0,0,0,0,0,0,0,0,0,0,0,0,0,0,0,0,0.002750999,0.00161137,0.001064566,0.00029037,0.000784657,0.005572128,0.007136996,0.008035561,0.00872411,0.010534898,0.018806637,0.016700409,0.018191886,0.024267987,0.026115329,0.026497336,0.0260447,0.025960868,0.022597644,-0.129549779,0.124424503,0.000779862
Slovenia,n/a,n/a,n/a,n/a,n/a,n/a,n/a,n/a,n/a,n/a,n/a,n/a,n/a,n/a,n/a,n/a,n/a,n/a,n/a,n/a,n/a,n/a,n/a,n/a,n/a,0,0,0,0,0,0,0,0,0,0.00031,0.0007,0.000715325,0.001006839,0.001196538,0.001179172,0.00106519,0.001137654,0.001577795,0.003813125,0.003129465,0.00407695,0.004468484,0.00613767,0.006908334,0.006571743,0.006236161,0.00582347,0.006318281,0.007912029,0.00895302,0.131570736,0.075723572,0.000308976
Spain,0,0,0,0,0,0.00047,0.00052,0.00061,0.00056,0.00051,0.00113,0.00187,0.00309,0.00316,0.00251,0.00362,0.00424,0.00487,0.0056,0.0055,0.00611,0.00538,0.00563,0.00673,0.005970606,0.00562,0.00564,0.00686,0.00704,0.00824,0.01296,0.01459,0.02218,0.02898,0.04485,0.065351002,0.086552133,0.123971848,0.158238457,0.193498592,0.241994772,0.259291238,0.302811784,0.377063692,0.460531029,0.572363861,0.590658773,0.704204925,0.722050633,0.69193004,0.669442061,0.664513604,0.680728414,0.695306917,0.745837718,0.072674095,0.063105055,0.025739433
Sweden,0,0,0,0,0,0.0013,0.0016,0.00226,0.00399,0.00357,0.0031,0.00354,0.0036,0.00276,0.00347,0.00721,0.00921,0.01002,0.0145,0.01853,0.01808,0.01986,0.01965,0.02046,0.02194,0.01949,0.01873,0.02041,0.02224,0.02305,0.0246,0.02263,0.02977,0.03089,0.03056,0.04556,0.042333312,0.047232581,0.050911731,0.07847828,0.088159851,0.097445288,0.11600159,0.131016855,0.144282914,0.167701247,0.188089791,0.207326689,0.223694404,0.237317694,0.290104269,0.301084495,0.332200129,0.318417591,0.360984356,0.133682203,0.092866185,0.012457848
Switzerland,0,0,0,0,0,0,0,0,0,0,0,0,0,0.00098,0.00287,0.00173,0.00436,0.0039,0.00396,0.00369,0.00365,0.00458,0.00511,0.00513,0.00529,0.00439,0.00438,0.00488,0.00495,0.00555,0.0058,0.00622,0.00667,0.007,0.00762,0.00847,0.008872013,0.009170129,0.009346731,0.009686752,0.010119304,0.011296981,0.0117045,0.012396441,0.012547717,0.013502319,0.015502695,0.018154736,0.020693552,0.024859984,0.02789887,0.03206497,0.038257252,0.041584171,0.044499713,0.070111822,0.128659922,0.001535719
Turkey,0.001,0.00122,0.00173,0.00179,0.00178,0.00166,0.00162,0.00175,0.00197,0.00207,0.0022,0.00161,0.00218,0.00137,0.00145,0.00136,0.0011,0,0,0.000221,0.00006,0.000436,0.000579,0.000684,0.000626,0.000801,0.001197,0.001167,0.00134,0.0013,0.003083,0.002591,0.003768,0.003315,0.002344,0.002749,0.003338182,0.002789535,0.002245962,0.002211191,0.001814696,0.003492462,0.006313277,0.011592928,0.020906646,0.037053848,0.054443393,0.071251176,0.106092021,0.115642161,0.154748498,0.212675532,0.266008627,0.344373577,0.410683581,0.192552534,0.403730284,0.014173006
Ukraine,n/a,n/a,n/a,n/a,n/a,n/a,n/a,n/a,n/a,n/a,n/a,n/a,n/a,n/a,n/a,n/a,n/a,n/a,n/a,n/a,0,0,0,0,0,0,0,0,0,0,0,0,0,0.00003,0.00003,0.00006,0.000158961,0.000217161,0.000304038,0.000321592,0.000367975,0.000336792,0.003117375,0.00293646,0.001718889,0.002233988,0.002365902,0.007005545,0.014131083,0.017230119,0.016981757,0.015951269,0.019177044,0.024262021,0.046681972,0.924075996,0.235123242,0.001611031
United Kingdom,0,0,0,0,0,0,0,0,0,0,0,0,0,0,0,0,0,0,0,1.01E-01,1.01E-01,1.01E-01,0,1.01E-01,0.00009,0.006048,0.006969,0.009672,0.01415,0.018625,0.020336,0.022926,0.027768,0.035312,0.042801,0.048288,0.054573312,0.062667782,0.073895219,0.091316435,0.119438014,0.137674583,0.154406178,0.192814138,0.230653432,0.26071978,0.320557935,0.371487774,0.490758647,0.586884753,0.741750141,0.743112053,0.875890669,0.989833635,1.080.118.777,0.091212441,0.177720767,0.037275729
Other Europe,0,0,0,0,0,0,0,0,0,0,0,0,0,0,0,0,0,0,0,0,0,0,0,0,0,0,0,0,4.27E-01,6.11E-01,5.76E-01,0.000148714,0.000134126,0.00014837,0.000123697,0.000118393,0.000116892,0.000111331,0.000141375,0.000334766,0.000378728,0.000453571,0.000577173,0.000478829,0.000542362,0.000574649,0.0007533,0.001033447,0.001544243,0.002201558,0.003922836,0.005012272,0.007849257,0.010074756,0.018399977,0.826344567,0.35614271,0.000634997
Total Europe,0.03009,0.04101,0.04489,0.04997,0.05422904,0.07118357,0.072318836,0.07122608,0.076633912,0.080420602,0.085209421,0.084855972,0.088802913,0.093751391,0.09768958,0.107514493,0.107640232,0.09854621,0.101667522,0.105497879,0.110198228,0.131534197,0.130661013,0.140088099,0.140617668,0.197713734,0.205744414,0.223573803,0.254036808,0.275936529,0.312828011,0.32851002,0.407845312,0.490188197,0.542789081,0.677918884,0.749197133,0.906388486,1.065.872.346,1.329.830.955,1.594.484.002,1.886.032.882,2.280.044.145,2.657.381.416,3.011.249.017,3.487.926.151,4.117.289.333,4.784.553.136,5.240.322.598,5.619.992.894,6.303.529.863,6.397.363.007,7.119.176.615,7.497.074.975,8.183.579.045,0.091569588,0.109286675,0.282421603
Azerbaijan,n/a,n/a,n/a,n/a,n/a,n/a,n/a,n/a,n/a,n/a,n/a,n/a,n/a,n/a,n/a,n/a,n/a,n/a,n/a,n/a,0,0,0,0,0,0,0,0,0,0,0,0,0,0,0,0,0,0,0,0,0,0,0,0,1.98E+00,4.69E-01,0,0,0.000632277,0.000844707,0.000911625,0.001315891,0.00130005,0.001812379,0.002313677,0.276596566,0,7.98E+00
Belarus,n/a,n/a,n/a,n/a,n/a,n/a,n/a,n/a,n/a,n/a,n/a,n/a,n/a,n/a,n/a,n/a,n/a,n/a,n/a,n/a,0,0,0,0,0,0,0,0,0,0,0,0,0,0,0,0,0,0,0,9.84E-01,9.68E-01,2.89E+00,0.000143438,0.000619106,0.001427111,0.002203853,0.002070598,0.002157545,0.001795205,0.001850373,0.002100553,0.002481088,0.003367221,0.003707405,0.003826422,0.032102266,0.195998228,0.000132053
Kazakhstan,n/a,n/a,n/a,n/a,n/a,n/a,n/a,n/a,n/a,n/a,n/a,n/a,n/a,n/a,n/a,n/a,n/a,n/a,n/a,n/a,0,0,0,0,0,0,0,0,0,0,0,0,0,0,0,0,0,0,0,0,0,0,0,0,0,0,1.37E-02,2.49E+00,4.92E+00,0.000132883,0.001735435,0.003454664,0.004095981,0.004914151,0.007237431,0.472773215,0,0.000249769
Russian Federation,n/a,n/a,n/a,n/a,n/a,n/a,n/a,n/a,n/a,n/a,n/a,n/a,n/a,n/a,n/a,n/a,n/a,n/a,n/a,n/a,0,0,0,0,0,0.00065,0.00065,0.00063,0.0006,0.00061,0.00059,0.00057,0.00057,0.00058,0.00058,0.00081,0.00116439,0.001771839,0.003672,0.004451618,0.004436032,0.004916208,0.004696144,0.004695484,0.004733556,0.005079037,0.005259841,0.004750525,0.00457894,0.007425594,0.008786908,0.009617458,0.010819611,0.01238756,0.016225436,0.309816967,0.10187045,0.000559952
Turkmenistan,n/a,n/a,n/a,n/a,n/a,n/a,n/a,n/a,n/a,n/a,n/a,n/a,n/a,n/a,n/a,n/a,n/a,n/a,n/a,n/a,0,0,0,0,0,0,0,0,0,0,0,0,0,0,0,0,0,0,0,0,0,0,0,0,0,1.50E-01,4.26E-01,9.10E-01,1.70E+00,2.86E+00,4.75E+00,6.32E+00,0.00006264,6.23E+00,6.20E+00,-0.003687014,0,2.14E-01
USSR,0,0,0,0,0,0,0,0,0,0,0,0,0,0,0,0,0,0,0,0,n/a,n/a,n/a,n/a,n/a,n/a,n/a,n/a,n/a,n/a,n/a,n/a,n/a,n/a,n/a,n/a,n/a,n/a,n/a,n/a,n/a,n/a,n/a,n/a,n/a,n/a,n/a,n/a,n/a,n/a,n/a,n/a,n/a,n/a,n/a,n/a,n/a,n/a
Uzbekistan,n/a,n/a,n/a,n/a,n/a,n/a,n/a,n/a,n/a,n/a,n/a,n/a,n/a,n/a,n/a,n/a,n/a,n/a,n/a,n/a,0,0,0,0,0,0,0,0,0,0,0,0,0,0,0,0,0,0,0,0,0,0,0,0,0,0,0,0,0,0,0,2.72E-01,0.0000063,1.46E-01,3.40E+00,1.324.730.302,0,1.17E-01
Other CIS,n/a,n/a,n/a,n/a,n/a,n/a,n/a,n/a,n/a,n/a,n/a,n/a,n/a,n/a,n/a,n/a,n/a,n/a,n/a,n/a,0,0,0,0,0,0,0,0,0,0,0,0,0,0,0,0,0,0,0,0,0,2.50E+00,2.77E+00,1.81E+00,4.07E+00,3.92E+00,2.95E+00,4.94E+00,0.000101457,0.00023931,0.000283676,0.000269495,0.000380194,0.00051397,0.000598545,0.164551236,0.397757705,2.07E+00
Total CIS,0,0,0,0,0,0,0,0,0,0,0,0,0,0,0,0,0,0,0,0,0,0,0,0,0,0.00065,0.00065,0.00063,0.0006,0.00061,0.00059,0.00057,0.00057,0.00058,0.00058,0.00081,0.00116439,0.001771839,0.003672,0.004461461,0.004445715,0.004970094,0.004867313,0.005332646,0.006221181,0.007328321,0.007365608,0.006991444,0.0071741,0.010521428,0.013865736,0.017204494,0.020031996,0.023412354,0.030297528,0.294082939,0.159445216,0.001045591
Iran,0,0,0,0,0,0,0,0,0,0,0,0,0,0,0,0,0,0,0,0,0,0,0,0,0,0,0,0,0,0,0,0,0,0,0.00035,0.000365,0.000334812,0.00029909,0.000270692,0.000451204,0.000686563,0.001206679,0.001348313,0.001862609,0.002155222,0.002063153,0.002203573,0.002110473,0.002131861,0.002244611,0.002367857,0.002635402,0.003748527,0.004394014,0.004925345,0.120921572,0.089617285,0.000169977
Iraq,0,0,0,0,0,0,0,0,0,0,0,0,0,0,0,0,0,0,0,0,0,0,0,0,0,0,0,0,0,0,0,0,0,0,0,0,0,0,0,0,0,0,0,0,0,0,0,0,0.000426741,0.000524964,0.000521885,0.000518797,0.000515745,0.000512729,0.000510839,-0.003687014,0,1.76E+00
Israel,0,0,0,0,0,0,0,0,0,0,0,0,0,0,0,0,0,0,0,0,0,0,0,0,0,0,0,0,0,0,0,0,0,0,0,0,9.94E+00,0.000715404,0.000746991,0.000758971,0.000803243,0.000478301,0.000432749,0.000511649,0.001090408,0.001733693,0.003044526,0.004663549,0.00536581,0.008705626,0.011665746,0.015632527,0.015404677,0.015797878,0.025957161,0.643079014,0.409167649,0.000895802
Kuwait,0,0,0,0,0,0,0,0,0,0,0,0,0,0,0,0,0,0,0,0,0,0,0,0,0,0,0,0,0,0,0,0,0,0,0,0,0,0,0,0,0,0,0,0,0,0,0,0,1.68E-01,3.00E-01,4.64E+00,0.000441926,0.000597006,0.000744426,0.001425145,0.914420852,0,4.92E+00
Oman,0,0,0,0,0,0,0,0,0,0,0,0,0,0,0,0,0,0,0,0,0,0,0,0,0,0,0,0,0,0,0,0,0,0,0,0,0,0,0,0,0,0,0,0,0,0,0,0,1.11E+00,1.10E-01,3.37E+00,3.37E+00,0.000033471,3.36E+00,3.35E+00,-0.003687014,0,1.16E-01
Qatar,0,0,0,0,0,0,0,0,0,0,0,0,0,0,0,0,0,0,0,0,0,0,0,0,0,0,0,0,0,0,0,0,0,0,0,0,0,0,0,0,0,0,0,0,0,0,0.001081617,0.001075061,0.001093074,0.001111769,0.001105152,0.001115433,0.001108872,0.001102387,0.001098323,-0.003687014,0,3.79E-01
Saudi Arabia,0,0,0,0,0,0,0,0,0,0,0,0,0,0,0,0,0,0,0,0,0,0,0,0,0,0,0,0,0,0,0,0,0,0,0,0,0,0,0,0,0,0,0,5.79E-01,5.75E-01,3.84E+00,4.63E+00,0.000218623,0.000360038,0.000386577,0.001176597,0.001169635,0.001397655,0.003409782,0.015876888,3.656.276.879,0.892449819,0.000547924
United Arab Emirates,0,0,0,0,0,0,0,0,0,0,0,0,0,0,0,0,0,0,0,0,0,0,0,0,0,0,0,0,0,0,0,0,0,0,0,0,0,0,0,0,0,0,0,0,0.00006001,0.000172937,0.000193079,0.000224789,0.000801978,0.002907999,0.002897829,0.003137052,0.00713484,0.011824602,0.037229726,214.849.711,0,0.001284826
Other Middle East,0,0,0,0,0,0,0,0,0,0,0,0,0,0,0,0,0,0,0,0,0,0,0,0,0,0.00001,0.00001,0.00001,0.00001,0.00001,0.00001,0.00001,0.00003,0.00003,0.00003,0.00006,7.95E+00,7.90E+00,8.83E+00,9.84E+00,8.81E+00,9.72E+00,0.000134831,0.000161553,0.0001445,0.000176828,0.00018736,0.000208948,0.000299917,0.000526361,0.003045383,0.013197471,0.019805814,0.0294442,0.032050522,0.088517339,0.682939593,0.001106088
Total Middle East,0,0,0,0,0,0,0,0,0,0,0,0,0,0,0,0,0,0,0,0,0,0,0,0,0,0.00001,0.00001,0.00001,0.00001,0.00001,0.00001,0.00001,0.00003,0.00003,0.00038,0.000425,0.000513643,0.001093462,0.001105953,0.001308602,0.001577926,0.001782169,0.001915893,0.002541598,0.003455891,0.004184992,0.006756418,0.008501444,0.010492157,0.016448933,0.022860501,0.037881913,0.049746607,0.067263618,0.119107424,0.770755548,0.387609737,0.004110489
Algeria,0,0,0,0,0,0,0,0,0,0,0,0,0,0,0,0,0,0,0,0,0,0,0,0,0,0,0,0,0,0,0,0,0,0,0,0,0,0,0,0,0,0,0,0,0,8.54E+00,0.000169035,0.000247795,0.000263602,0.000558862,0.00070125,0.00239053,0.004707,0.005484737,0.005571487,0.015816666,0,0.000192276
Egypt,0,0,0,0,0,0,0,0,0,0,0,0,0,0,0,0,0,0,0,0,0,0,0,0,0,0,0,0,0,0,0,0,0,0,0.00012,0.000807,0.001787318,0.002107452,0.002814808,0.00492183,0.004949367,0.005831904,0.006346023,0.008850367,0.009816498,0.013463469,0.016227273,0.017065565,0.014765608,0.010697877,0.017636396,0.0238135,0.024409091,0.031677299,0.057664329,0.820367579,0.136000929,0.00199004
Morocco,0,0,0,0,0,0,0,0,0,0,0,0,0,0,0,0,0,0,0,0,0,0,0,0,0,0,0,0,0,0,0,0,0,0,0,0.00064,0.002044636,0.001914978,0.001989991,0.001939309,0.001998693,0.00176384,0.002667947,0.002834786,0.003694676,0.006184776,0.006458662,0.006751485,0.011198503,0.017626159,0.022996446,0.03079555,0.0310518,0.042865929,0.055988115,0.306121556,0.312076619,0.001932193
South Africa,0,0,0,0,0,0,0,0,0,0,0,0,0,0,0,0,0,0,0,0,0,0,0,0,0,0,0,0,0,0,0,0.0006,0.00146,0.00231,0.00197,0.004868,0.004310825,0.004666006,0.004200635,0.003989694,0.004399234,0.004196434,0.004423613,0.004740149,0.004744889,0.00429808,0.004937982,0.0050592,0.00698362,0.024605671,0.057956446,0.073295491,0.097784141,0.112436172,0.115902999,0.030833733,0.372497005,0.003999902
Eastern Africa,0,0,0,0,0,0,0.00126,0.00127,0.00132,0.00136,0.00133,0.00146,0.00149,0.00155,0.00161,0.00167,0.00177,0.00195,0.00189,0.00192,0.00227,0.00617,0.00615,0.00583,0.00574,0.00713,0.00716,0.00709,0.00698,0.00586,0.0073,0.008940931,0.009120931,0.01146502,0.011321862,0.014998632,0.015854641,0.014701296,0.018610557,0.021279873,0.020875775,0.022158798,0.021285783,0.022414226,0.025962655,0.028953539,0.029561649,0.032486515,0.03698582,0.049546603,0.06750354,0.06905735,0.070647212,0.077786905,0.147297073,0.89359729,0.132500167,0.005083335
Middle Africa,0,0,0,0,0,0,0,0,0,0,0,0,0,0,0,0,0,0,0,0,0,0,0,0,0,0.00003,0.00008,0.00008,0.00008,0.00009,0.00009,0.00007,0.00007,0.00007,0.00007,0.00007,7.00E+00,7.31E+00,7.44E-01,7.63E+00,8.96E+00,0.006270469,0.000846157,0.000881917,0.000843276,0.000755792,0.000807859,0.000862948,0.000935936,0.001011348,0.000416187,0.00055692,0.000612144,0.000813059,0.000810264,-0.003437911,-0.008096424,2.80E+00
Western Africa,0,0,0,0,0,0,0.00038,0.00038,0.00038,0.00039,0.00039,0.00039,0.0004,0.0004,0.0004,0.0004,0.00041,0.00041,0.00041,0.00042,0.00042,0.00042,0.00043,0.00043,0.00043,0.000497313,0.00064,0.00075,0.00087,0.001024,0.001203,0.001341,0.001352,0.001406,0.001458,0.00165341,0.001736828,0.001831084,0.001721005,0.002650915,0.002766424,0.002842855,0.002804872,0.002736695,0.002404877,0.002665382,0.002917449,0.003367001,0.004093662,0.004301319,0.005894133,0.006614267,0.008444169,0.011879227,0.011970381,0.007673355,0.158126984,0.000413107
Other Northern Africa,0,0,0,0,0,0,0,0,0,0,0,0,0,0,0,0,0,0,0,0,0,0,0,0,0,0,0,0,0,0,0,0,0,0,0,0.000247,0.000257318,0.000321794,0.000398369,0.000465948,0.000461014,0.000408029,0.00046185,0.000433275,0.000987776,0.001379862,0.001123447,0.001966152,0.003496278,0.004940294,0.004516549,0.005002611,0.005119486,0.005128826,0.005846982,0.140023479,0.28034033,0.000201784
Other Southern Africa,0,0,0,0,0,0,0,0,0,0,0,0,0,0,0,0,0,0,0,0,0,0,0,0,0,0,0,0.0003225,0.001247,0.00129,0.001677,0.00172,0.001955473,0.001970473,0.002219386,0.001298,0.00143661,0.001533948,0.001443692,0.001521229,0.001543557,0.001451094,0.001483144,0.001409311,0.001247611,0.001748706,0.002552488,0.002833745,0.002794573,0.002380819,0.002377838,0.002522936,0.002646073,0.00294921,0.004222006,0.431572202,0.076638466,0.000145705
Total Africa,0,0,0,0,0,0,0.00164,0.00165,0.0017,0.00175,0.00172,0.00185,0.00189,0.00195,0.00201,0.00207,0.00218,0.00236,0.0023,0.00234,0.00269,0.00659,0.00658,0.00626,0.00617,0.007657313,0.00788,0.0082425,0.009177,0.008264,0.01027,0.012671931,0.013958404,0.017221493,0.017159248,0.024582042,0.0274982,0.027149653,0.031253467,0.036845143,0.037083696,0.044923423,0.040319389,0.044300725,0.049702257,0.059535023,0.064755842,0.070640406,0.081517603,0.115668952,0.179998785,0.214049155,0.245421116,0.291021365,0.405273635,0.392590662,0.207122663,0.013986305
Australia,0.00296,0.00284,0.0029,0.00282,0.00281,0.00261,0.00263,0.0028,0.00338,0.00429,0.00489,0.00484,0.00429,0.00405,0.00418,0.00385,0.00404,0.00516,0.00431,0.00441,0.00456,0.0046,0.0047,0.00731,0.0081,0.007595,0.0072495,0.006821,0.006866,0.007194,0.0085365,0.009791,0.0103515,0.011346,0.012171,0.0107025,0.011312562,0.018346674,0.024117606,0.035893605,0.051166237,0.062990753,0.082230114,0.100459594,0.116684215,0.147862309,0.175888845,0.187548128,0.212961258,0.226351043,0.251341135,0.264341607,0.282713024,0.345565221,0.421686265,0.220279817,0.131498183,0.014552717
Bangladesh,0,0,0,0,0,0,0,0,0,0,0,0,0,0,0,0,0,0,0,0,0,0,0,0,0,0,0,0,0,0,0,0,0,0,0,0,0,9.87E-02,8.83E-01,1.85E+00,3.29E+00,6.74E+00,0.000101363,0.000172006,0.000294667,0.000482466,0.000620396,0.000927273,0.001287016,0.001631172,0.001917518,0.002041111,0.002584179,0.002779327,0.003863997,0.390263736,0.320807556,0.00013335
China,0,0,0,0,0,0,0,0,0,0,0,0,0,0,0,0,0,0,0,0,0,0,0,0,0,0.000680202,0.000750909,0.002473131,0.003331212,0.008488384,0.036371616,0.016359394,0.029309798,0.028495556,0.030107374,0.03148899,0.033017858,0.035471174,0.041101403,0.057830428,0.101235495,0.143089336,0.196720162,0.326148086,0.524562932,0.768616625,1.049.599.256,1.356.393.533,1.795.909.085,2.238.405.372,2.623.551.642,3.439.667.556,4.614.891.492,5.805.105.805,6.627.562.038,0.141678078,0.333642818,0.22872226
China Hong Kong SAR,0,0,0,0,0,0,0,0,0,0,0,0,0,0,0,0,0,0,0,0,0,0,0,0,0,0,0,0,0,0,0,0,0,0,0,0,0,0,0,0,0,6.68E-01,8.27E-01,7.67E-01,1.04E+00,0.001030274,0.001842333,0.00103462,0.001439584,0.001269173,0.001167216,0.00108163,0.001147101,0.001083892,0.001229548,0.134382568,0.640683076,4.24E+00
India,0,0,0,0,0,0,0,0,0,0,0,0,0,0,0,0,0,0,0,0,0,0,0,0,0,0.000678894,0.002079813,0.002078619,0.003468195,0.005715653,0.010612751,0.016405893,0.019757273,0.023775884,0.031381394,0.033787636,0.042582509,0.042953843,0.053512317,0.084781101,0.098864125,0.145510226,0.184961844,0.228126107,0.265121017,0.31827361,0.393995542,0.460993993,0.518092339,0.579871243,0.597314333,0.729589083,0.896848317,1.103.764.111,1.207.505.416,0.093988655,0.170766071,0.04167194
Indonesia,0,0,0,0,0,0,0,0,0,0,0,0,0,0,0,0,0,0,0,0,0,0,0,0,0,0.0112742,0.0105146,0.0108574,0.0109197,0.0160391,0.0221253,0.0234287,0.0272838,0.032865,0.0394073,0.048724,0.059954143,0.061627413,0.061807096,0.064957758,0.064056646,0.064288215,0.068792313,0.080581175,0.094869685,0.09565293,0.100308568,0.110653288,0.12216184,0.153868458,0.123891865,0.198398573,0.202455354,0.253698689,0.391222993,0.542077311,0.121523719,0.013501406
Japan,0,0,0,0,0,0.00242704,0.00235611,0.00248591,0.00253998,0.00307547,0.00378507,0.00367553,0.00533774,0.00827644,0.01099732,0.0109144,0.01136527,0.09870767,0.11030233,0.12119023,0.12699479,0.13803359,0.14792468,0.15986553,0.17046979,0.11341126,0.11651857,0.11860617,0.115828316,0.135024936,0.143356056,0.153041062,0.165348894,0.16322946,0.167411986,0.165641437,0.166715151,0.178140664,0.192842965,0.202360315,0.244277944,0.247064438,0.260820451,0.255230072,0.25376627,0.289158369,0.298855818,0.327112075,0.391028269,0.491777911,0.638250635,0.634946446,0.757046472,0.885920874,109.956.616,0.241156171,0.132521119,0.037946873
Malaysia,0,0,0,0,0,0,0,0,0,0,0,0,0,0,0,0,0,0,0,0,0,0,0,0,0,0,0,0,0,0,0,0,0,0,0,0.00570903,0.005703661,0.003991819,0.004084904,0.005616757,0.0057375,0.006263182,0.008560329,0.009347704,0.013344587,0.012039726,0.015348236,0.018801015,0.019337141,0.020980743,0.025601474,0.025962742,0.02571236,0.027638333,0.031099038,0.125213934,0.114501585,0.001073252
New Zealand,0.01348,0.01359,0.01134,0.01295,0.01327,0.01273,0.01256,0.01257,0.01243,0.017597221,0.017868274,0.017355116,0.016586695,0.016818274,0.015582484,0.016521432,0.016192484,0.016489853,0.016670484,0.018190958,0.016908726,0.017636989,0.017585647,0.017679474,0.022609158,0.026085368,0.027851684,0.027617962,0.028841964,0.027376417,0.026826401,0.026338233,0.027309778,0.031075269,0.033480582,0.035995828,0.034215825,0.0328837,0.031930376,0.034844682,0.041088435,0.043408956,0.047998704,0.055129483,0.065275205,0.07579404,0.080805348,0.082184601,0.083248475,0.092483961,0.098696492,0.098120317,0.095573986,0.09424146,0.096467644,0.02362212,0.055081016,0.003329173
Pakistan,0,0,0,0,0,0,0,0,0,0,0,0,0,0,0,0,0,0,0,0,0,0,0,0,0,0,0,0,0,0,0,0,0,0,0,0.009267,0.00866437,0.009484026,0.010210788,0.010489758,0,0,1.93E-01,1.51E+00,0.00005032,0.000126042,0.000250304,0.000610285,0.0049931,0.009527704,0.015570191,0.025712673,0.035804493,0.046129087,0.061362426,0.330232828,1.231.697.941,0.002117664
Philippines,0,0,0,0,0,0,0,0,0,0,0,0,0.00001,0.00003,0.0063694,0.0204485,0.0391219,0.0390786,0.0493498,0.0535846,0.0594218,0.055733,0.0489597,0.0522291,0.0570166,0.0589576,0.05758,0.057,0.05667,0.0632,0.06135,0.06534,0.07237,0.08914,0.10594,0.11626,0.103741948,0.101103318,0.096335508,0.100195997,0.096136186,0.101328898,0.099563996,0.104880593,0.106870206,0.103059805,0.104018976,0.109783453,0.105845805,0.113855364,0.130177223,0.145680011,0.1429843,0.146137343,0.150079189,0.026973571,0.03372878,0.005179348
Singapore,0,0,0,0,0,0,0,0,0,0,0,0,0,0,0,0,0,0,0,0,0,0.00085,0.00085,0.00085,0.00085,0.00085,0.00245,0.00245,0.00245,0.00245,0.00245,0.00245,0.00245,0.00245,0.00245,0.00245,0.004699286,0.004668968,0.004854808,0.004667962,0.00462543,0.004558869,0.004720138,0.004952681,0.004993071,0.005540329,0.005691598,0.005970769,0.006620202,0.007041513,0.007841431,0.008057534,0.008078922,0.008033297,0.008478532,0.055423677,0.049555357,0.000292601
South Korea,0,0,0,0,0,0,0,0,0,0,0,0,0,0,0,0,0,0,0,0,0,0,0,0,0,0.00001,0.00001,0.00002,0.00003,0.00003,0.00252,0.00406,0.00082,0.00064,0.00097411,0.00100969,0.001060807,0.001983324,0.002163744,0.003663822,0.004457411,0.007138321,0.012508812,0.021919018,0.034818652,0.045543083,0.048838958,0.053807302,0.068222151,0.086696505,0.118506712,0.145209711,0.189169274,0.242618427,0.28942119,0.192906877,0.271774959,0.009988148
Sri Lanka,0,0,0,0,0,0,0,0,0,0,0,0,0,0,0,0,0,0,0,0,0,0,0,0,0,0,0,0,0,0,0,0,0,0,0.000035,0.00003832,4.37E-01,5.04E+00,5.70E+00,6.20E+00,9.01E+00,9.12E+00,8.97E+00,0.000145748,0.000314493,0.000871696,0.001231096,0.001659712,0.0025379,0.003132659,0.004091293,0.004524817,0.00592578,0.006884193,0.007367119,0.070149932,0.470364641,0.000254245
Taiwan,0,0,0,0,0,0,0,0,0,0,0,0,0,0,0,0,0,8.28E+00,4.55E+00,3.51E+00,2.96E+00,0.000045321,0.000028272,3.10E+00,0.003172142,0.003461438,0.003945282,0.004211191,0.003634829,0.003853552,0.005167886,0.005952005,0.005202695,0.006172268,0.007530776,0.010596316,0.013684565,0.017194661,0.017784785,0.018256247,0.018792754,0.020464567,0.022223159,0.022889677,0.024012807,0.027078768,0.031692899,0.031721215,0.035199825,0.036318286,0.039516354,0.040676534,0.047450272,0.057103789,0.07129867,0.248580385,0.095727409,0.002460572
Thailand,0,0,0,0,0,0,0,0,0,0,0,0,0,0,0,0,0,0,0,0,0,0,0.0000492,0.0003019,0.0002157,0.00025009,0.00029667,0.00020861,0.00029429,0.000507635,0.001427491,0.002071208,0.002735003,0.003095111,0.004474333,0.005268975,0.006170548,0.007426938,0.012078107,0.018091401,0.019475154,0.022327289,0.029635991,0.041224725,0.048869281,0.060204095,0.068278202,0.087889673,0.118200315,0.145646822,0.16085575,0.184304347,0.21285324,0.244952241,0.290978897,0.187900531,0.195067304,0.010041905
Vietnam,0,0,0,0,0,0,0,0,0,0,0,0,0,0,0,0,0,0,0,0,0,0,0,0,0,0,0,0,0,0,0,0,0,0,0,0,0,0,0,0,0.000484177,0.000625472,0.000755438,0.000538826,0.000695111,0.000953631,0.000957146,0.000960617,0.001223963,0.001232878,0.002307468,0.00257537,0.003187053,0.004475298,0.042326913,8.457.898.946,0.235769099,0.001460734
Other Asia Pacific,0,0,0,0,0,0,0,0,0,0,0,0,0,0,0,0,0,0,0,1.05E+00,0,0,0,0,0,0.00045,0.00045,0.0002,0.0002,0.0002,0.0002,0.000216402,4.92E+00,5.87E+00,5.83E+00,0.00010138,0.000319739,0.000389394,0.000447351,0.000582585,0.000715281,0.000864749,0.000923445,0.001008441,0.001253905,0.001419824,0.001621615,0.002259145,0.002892343,0.004040898,0.005325117,0.006448729,0.00792618,0.009648676,0.012602043,0.306090353,0.253376996,0.000434906
Total Asia Pacific,0.01644,0.01643,0.01424,0.01577,0.01608,0.01776704,0.01754611,0.01785591,0.01834998,0.024962691,0.026543344,0.025870646,0.026224435,0.029174714,0.037129204,0.051734332,0.070719654,0.159518948,0.180678066,0.197421374,0.207914875,0.2168989,0.220097499,0.238267047,0.26243339,0.223704052,0.229697029,0.232544083,0.232534506,0.270079677,0.320944001,0.325453896,0.362987932,0.392343209,0.435422106,0.477041103,0.491886715,0.515717312,0.553337566,0.642312959,0.751235766,0.870088459,1.020.616.178,1.252.776.658,1.555.806.802,1.953.707.622,2.379.845.136,2.840.310.697,3.491.200.611,4.214.131.706,4.845.923.849,5.957.338.791,7.532.351.799,9.285.780.066,1.081.411.808,0.164589082,0.221784114,0.373203527
Total World,0.214179272,0.233071221,0.235537832,0.257519151,0.269545286,0.298666659,0.322759595,0.347499468,0.368310639,0.385606266,0.388276295,0.429517811,0.465105116,0.507544731,0.557799761,0.604134411,0.632314879,0.743240151,0.843446746,0.956693469,1.010.416.505,1.147.124.097,121.356.249,1.257.334.244,1.404.411.508,157.974.637,1.656.818.282,1.745.223.617,1.815.542.817,1.913.736.684,2.007.832.497,2.040.488.425,2.195.188.516,2.314.627.728,2.460.756.734,2.639.701.817,2.754.379.094,3.097.274.611,3.370.340.429,386.902.755,4.371.777.847,5.026.239.646,5.944.938.445,7.158.576.005,8.240.148.403,9.699.336.638,111.206.457,1.260.450.999,1.436.024.204,1.602.735.213,1.808.106.824,200.570.777,2.303.652.932,2.582.591.225,2.897.646.273,0.121991837,0.136901666,1
of which: OECD,0.179852321,0.198060069,0.199865707,0.221200451,0.232579644,0.251309635,0.256369086,0.276381775,0.29700081,0.314515941,0.314985784,0.349964154,0.367788567,0.387893971,0.410589757,0.428561488,0.442734018,0.518674222,0.567513277,0.644980894,0.657896265,0.734405549,0.79768747,0.823444372,0.938944386,111.532.209,1.179.732.341,1.268.156.995,1.339.012.125,1.396.627.062,1.436.457.621,1.447.512.786,1.573.801.831,1.669.982.892,1.761.211.658,1.928.829.402,2.027.654.354,2.318.874.976,2.563.465.143,2.958.402.806,3.380.277.673,3.932.511.739,4.604.686.624,5.445.493.352,6.160.190.569,7.119.964.853,8.157.404.396,9.131.990.401,1.011.656.839,1.093.621.401,1.218.204.982,1.296.087.587,1.432.360.454,152.720.311,1.677.075.473,0.098135187,0.10862829,0.578771636
                 Non-OECD,0.034326951,0.035011152,0.035672124,0.0363187,0.036965642,0.047357024,0.066390509,0.071117693,0.071309829,0.071090325,0.07329051,0.079553657,0.097316549,0.11965076,0.147210005,0.175572923,0.18958086,0.224565929,0.275933469,0.311712575,0.352520241,0.412718548,0.415875019,0.433889872,0.465467122,0.46442428,0.47708594,0.477066622,0.476530693,0.517109622,0.571374876,0.592975639,0.621386685,0.644644837,0.699545076,0.710872415,0.726724739,0.778399636,0.806875286,0.910624744,0.991500174,1.093.727.906,1.340.251.821,1.713.082.652,2.079.957.834,2.579.371.786,2.963.241.304,3.472.519.593,4.243.673.643,5.091.138.114,5.899.018.418,7.096.201.831,8.712.924.785,1.055.388.115,12.205.708,0.156513687,0.199398187,0.421228364
                 European Union #,0.02909,0.03979,0.04316,0.04818,0.05243,0.06940266,0.070578506,0.06925944,0.074421912,0.078293092,0.082825951,0.083055852,0.086461653,0.091218541,0.09291328,0.103977773,0.100948902,0.09305653,0.095990382,0.099854549,0.104725898,0.124134807,0.122420653,0.131548019,0.131836588,0.187563634,0.195407164,0.212959113,0.242769815,0.263796768,0.298167484,0.313088964,0.391132462,0.470468246,0.518441894,0.650379872,0.719424857,0.877076632,103.460.455,1.296.742.477,1.557.543.505,1.835.124.472,2.210.651.857,2.575.744.947,2.917.108.992,3.376.245.163,3.980.387.515,4.615.611.965,5.023.237.746,5.383.986.117,6.023.024.515,6.050.514.869,6.692.393.312,6.969.223.894,7.541.291.295,0.082084807,0.104658799,0.260255759
